"","","","","","","","","","worked","company","","years","","",""
"","","","","","","","worked","company","","years","","","","",""
"","","","","college","degree","","","","industries","","","","powerful","",""
"","","","","college","degree","","","","industries","","","","powerful","",""
"","","","","college","degree","","","","industries","","","","powerful","",""
"","","daughter","","","fortune","","","","company","","","","","",""
"silm","shadys","just","","life","wont","","fortune","","company","slim","shady","please","","",""
"","","wasnt","head","coach","","fortune","","company","dynamic","leader","","","","",""
"","","","abortion","survivor","","dumpster","survived","coffee","grounds","banana","peels","","","",""
"","","","abortion","survivor","","dumpster","survived","coffee","grounds","banana","peels","","","",""
"","abortion","survivor","","dumpster","survived","coffee","grounds","banana","peels","unti","","","","",""
"wasnt","head","coach","","fortune","","company","dynamic","leader","","","","","","",""
"","yeah","need","fortune","","","","employees","deserve","lash","","","","","",""
"$avgo","","verify","merger","discussions","fortune","","company","early","next","week","","","","",""
"heres","fred","smith","mark","sutton","bill","rhodes","made","past","year","leading","memphis","three","fortune","","compan"
"","","","fortune","","company","","","","","","","","","",""
"","","","replied","comment","","meeting","","","","","","","","",""
"","unfollowed","","political","accounts","since","","","life","better","every","","","","",""
"silm","shadys","just","teaching","youth","wont","","fortune","","company","slim","shady","please","","",""
"","","","","","thats","great","story","","","","fortune","","","",""
"ilene","gordon","","woman","ever","serve","","fortune","","company","","fortune","","","",""
"","","","","","fortune","","divorced","","kids","","different","women","","",""
"","","pamela","","turbeville","","senior","executive","career","leading","fortune","","companies","","",""
"","","indra","nooyi","","","women","running","fortune","","company","became","pepsicos","","",""
"","","","","","","","","","","","","","","",""
"indra","nooyi","","","women","running","fortune","","company","became","pepsicos","","","","",""
"ceos","whore","active","online","garner","higher","visibility","","ceos","bandwidth","","","","","",""
"trillions","dollars","government","debt","bidens","proposals","","paid","back","","covered","immediately","","","",""
"","","","","college","degree","","","","industries","","","","powerful","",""
"","","worked","fortune","","","dresses","best","","tone","thats","","","","",""
"","","","","college","degree","","","","industries","","","","powerful","",""
"","","someone","post","told","owed","living","","imagine","saying","","fortune","","","",""
"","","pamela","","turbeville","","senior","executive","career","leading","fortune","","companies","","",""
"","","pamela","","turbeville","","senior","executive","career","leading","fortune","","companies","","",""
"$sgoc","","verify","merger","discussions","fortune","","company","early","next","week","","","","",""
"","","","","college","degree","","","","industries","","","","powerful","",""
"","want","government","running","newspapers","well","doesnt","feel","worse","every","major","newspaper","","","",""
"","","work","","rationale","small","business","owner","oppressor","","","","","","",""
"","michael","dell","became","youngest","","fortune","","company","dell","computer","corporation","joine","","",""
"celebrate","lgbt","history","month","","like","spotlight","","cook","chief","executive","officer","apple","","",""
"first","quarter","","dozens","fortune","","ceos","stepped","including","","disney","hulu","","","",""
"","","","","college","degree","","","","industries","","","","powerful","",""
"","","","","college","degree","","","","industries","","","","powerful","",""
"","","","","college","degree","","","","industries","","","","powerful","",""
"","","","","college","degree","","","","industries","","","","powerful","",""
"","","indra","nooyi","","","women","running","fortune","","company","became","pepsicos","","",""
"","","","","college","degree","","","","industries","","","","powerful","",""
"","","","","college","degree","","","","industries","","","","powerful","",""
"","","","","female","","legislators","female","judges","female","vice","president","female","fortune","","ceos"
"","","","","","","","","","","","","","","",""
"","","","","college","degree","","","","industries","","","","powerful","",""
"","","","","college","degree","","","","industries","","","","powerful","",""
"","","","","college","degree","","","","industries","","","","powerful","",""
"","","","","college","degree","","","","industries","","","","powerful","",""
"","","","","defends","companys","","billion","donation","","","common","prosperity","drive","",""
"","","","","college","degree","","","","industries","","","","powerful","",""
"$bene","","fortune","favors","bold","","","float","","$dwac","","","$pfun","","","#USA"
"","","","","","","","","","","","","","","",""
"","","","","college","degree","","","","industries","","","","powerful","",""
"","","","","college","degree","","","","industries","","","","powerful","",""
"","","","","youre","literally","rambling","nonsensical","gibberish","regards","nothing","","","","",""
"$bene","","fortune","favors","bold","","","float","","$dwac","","","$pfun","","","#USA"
"","ðŸ‡ºðŸ‡¸ðŸ‡ºðŸ‡¸","","","","","","","","","","","","","",""
"","","","","college","degree","","","","industries","","","","powerful","",""
"","","","","college","degree","","","","industries","","","","powerful","",""
"","","","","college","degree","","","","industries","","","","powerful","",""
"","","","","college","degree","","","","industries","","","","powerful","",""
"","","","","college","degree","","","","industries","","","","powerful","",""
"","","","","college","degree","","","","industries","","","","powerful","",""
"","","","","college","degree","","","","industries","","","","powerful","",""
"","","","","college","degree","","","","industries","","","","powerful","",""
"","","","","college","degree","","","","industries","","","","powerful","",""
"","","","","college","degree","","","","industries","","","","powerful","",""
"","","devin","alexander","shaw","","years","","self","made","","chairman","","shaw","exports",""
"shaw","defense","","","","","","","","","","","","","",""
"","","indra","nooyi","","","women","running","fortune","","company","became","pepsicos","","",""
"","","","","college","degree","","","","industries","","","","powerful","",""
"","understand","nepotism","point","youre","literally","drawing","","billion","just","hire","people","","","",""
"","women","leaders","everywhere","lookfrom","","runs","fortune","","company","housewife","","","","",""
"","","","","college","degree","","","","industries","","","","powerful","",""
"","","","","college","degree","","","","industries","","","","powerful","",""
"","","","","college","degree","","","","industries","","","","powerful","",""
"","","","","college","degree","","","","industries","","","","powerful","",""
"","","","","college","degree","","","","industries","","","","powerful","",""
"","","","","college","degree","","","","industries","","","","powerful","",""
"","","","","college","degree","","","","industries","","","","powerful","",""
"","","female","","legislators","female","judges","female","vice","president","female","fortune","","","",""
"","","","","college","degree","","","","industries","","","","powerful","",""
"","","","","college","degree","","","","industries","","","","powerful","",""
"","","","","college","degree","","","","industries","","","","powerful","",""
"","","","","college","degree","","","","industries","","","","powerful","",""
"","","","","college","degree","","","","industries","","","","powerful","",""
"","","","","college","degree","","","","industries","","","","powerful","",""
"","","","","college","degree","","","","industries","","","","powerful","",""
"","","","","college","degree","","","","industries","","","","powerful","",""
"","","","","college","degree","","","","industries","","","","powerful","",""
"","","","","college","degree","","","","industries","","","","powerful","",""
"","","","","college","degree","","","","industries","","","","powerful","",""
"","","","","college","degree","","","","industries","","","","powerful","",""
"","","","","college","degree","","","","industries","","","","powerful","",""
"","","","","college","degree","","","","industries","","","","powerful","",""
"","","","","college","degree","","","","industries","","","","powerful","",""
"","","","","college","degree","","","","industries","","","","powerful","",""
"","","","","college","degree","","","","industries","","","","powerful","",""
"","","","","college","degree","","","","industries","","","","powerful","",""
"","","","","college","degree","","","","industries","","","","powerful","",""
"","","","","college","degree","","","","industries","","","","powerful","",""
"","","","","college","degree","","","","industries","","","","powerful","",""
"","","","","college","degree","","","","industries","","","","powerful","",""
"","","","","college","degree","","","","industries","","","","powerful","",""
"","","","","college","degree","","","","industries","","","","powerful","",""
"","","","","college","degree","","","","industries","","","","powerful","",""
"","","","","college","degree","","","","industries","","","","powerful","",""
"","","","","college","degree","","","","industries","","","","powerful","",""
"","","","","college","degree","","","","industries","","","","powerful","",""
"","","","","college","degree","","","","industries","","","","powerful","",""
"","","","","college","degree","","","","industries","","","","powerful","",""
"","","","","college","degree","","","","industries","","","","powerful","",""
"","","","","college","degree","","","","industries","","","","powerful","",""
"","","","","college","degree","","","","industries","","","","powerful","",""
"","","","","college","degree","","","","industries","","","","powerful","",""
"","","","","college","degree","","","","industries","","","","powerful","",""
"","","","","college","degree","","","","industries","","","","powerful","",""
"","","","","college","degree","","","","industries","","","","powerful","",""
"","","","","college","degree","","","","industries","","","","powerful","",""
"silm","shadys","just","providing","wont","","fortune","","company","slim","shady","please","call","mother","tomorrow",""
"","","","","college","degree","","","","industries","","","","powerful","",""
"","","","","college","degree","","","","industries","","","","powerful","",""
"","","","","college","degree","","","","industries","","","","powerful","",""
"","","","","college","degree","","","","industries","","","","powerful","",""
"","","","","college","degree","","","","industries","","","","powerful","",""
"","","","","college","degree","","","","industries","","","","powerful","",""
"","","","","college","degree","","","","industries","","","","powerful","",""
"","","","","college","degree","","","","industries","","","","powerful","",""
"","","","","college","degree","","","","industries","","","","powerful","",""
"","","","","college","degree","","","","industries","","","","powerful","",""
"","","","","college","degree","","","","industries","","","","powerful","",""
"","","","","college","degree","","","","industries","","","","powerful","",""
"","","","","college","degree","","","","industries","","","","powerful","",""
"silm","shadys","just","","wont","","fortune","","company","slim","shady","please","","milk","fridge",""
"","","","","college","degree","","","","industries","","","","powerful","",""
"","","","","college","degree","","","","industries","","","","powerful","",""
"","","","","college","degree","","","","industries","","","","powerful","",""
"","","","","college","degree","","","","industries","","","","powerful","",""
"","","","","college","degree","","","","industries","","","","powerful","",""
"","","","","college","degree","","","","industries","","","","powerful","",""
"","","","","college","degree","","","","industries","","","","powerful","",""
"","","","","college","degree","","","","industries","","","","powerful","",""
"","","","","college","degree","","","","industries","","","","powerful","",""
"","","","","college","degree","","","","industries","","","","powerful","",""
"","","","","college","degree","","","","industries","","","","powerful","",""
"","","","","college","degree","","","","industries","","","","powerful","",""
"","","","","college","degree","","","","industries","","","","powerful","",""
"","","","","college","degree","","","","industries","","","","powerful","",""
"","","","","college","degree","","","","industries","","","","powerful","",""
"","","despite","progress","made","still","","women","","roles","fortune","","companies","learn","carol",""
"tomÃ©","","","","","","","","","","","","","","",""
"","","","","college","degree","","","","industries","","","","powerful","",""
"","","","","college","degree","","","","industries","","","","powerful","",""
"","","","","college","degree","","","","industries","","","","powerful","",""
"","","","","college","degree","","","","industries","","","","powerful","",""
"","","","","college","degree","","","","industries","","","","powerful","",""
"","","","","college","degree","","","","industries","","","","powerful","",""
"","","","","college","degree","","","","industries","","","","powerful","",""
"","","","","college","degree","","","","industries","","","","powerful","",""
"","","","","college","degree","","","","industries","","","","powerful","",""
"","","","","college","degree","","","","industries","","","","powerful","",""
"","","","","college","degree","","","","industries","","","","powerful","",""
"","","","","college","degree","","","","industries","","","","powerful","",""
"","","","","college","degree","","","","industries","","","","powerful","",""
"","","","","college","degree","","","","industries","","","","powerful","",""
"","","","","college","degree","","","","industries","","","","powerful","",""
"","","","","college","degree","","","","industries","","","","powerful","",""
"","","","","college","degree","","","","industries","","","","powerful","",""
"","","","","college","degree","","","","industries","","","","powerful","",""
"","","","","college","degree","","","","industries","","","","powerful","",""
"","","","","college","degree","","","","industries","","","","powerful","",""
"","","","","college","degree","","","","industries","","","","powerful","",""
"","","","","college","degree","","","","industries","","","","powerful","",""
"","","","","college","degree","","","","industries","","","","powerful","",""
"","","","","college","degree","","","","industries","","","","powerful","",""
"","","","","college","degree","","","","industries","","","","powerful","",""
"","","","","college","degree","","","","industries","","","","powerful","",""
"","","","","college","degree","","","","industries","","","","powerful","",""
"","","","","college","degree","","","","industries","","","","powerful","",""
"","","","","college","degree","","","","industries","","","","powerful","",""
"","","","","college","degree","","","","industries","","","","powerful","",""
"","","","","college","degree","","","","industries","","","","powerful","",""
"","","","","college","degree","","","","industries","","","","powerful","",""
"","","","","college","degree","","","","industries","","","","powerful","",""
"","","","","college","degree","","","","industries","","","","powerful","",""
"","","","","college","degree","","","","industries","","","","powerful","",""
"","","","","college","degree","","","","industries","","","","powerful","",""
"","","","","college","degree","","","","industries","","","","powerful","",""
"","","","","college","degree","","","","industries","","","","powerful","",""
"","","","","college","degree","","","","industries","","","","powerful","",""
"","","","","college","degree","","","","industries","","","","powerful","",""
"","","","","college","degree","","","","industries","","","","powerful","",""
"","","","","college","degree","","","","industries","","","","powerful","",""
"","","","","college","degree","","","","industries","","","","powerful","",""
"","","","","college","degree","","","","industries","","","","powerful","",""
"","","","","college","degree","","","","industries","","","","powerful","",""
"","","","","college","degree","","","","industries","","","","powerful","",""
"","","","","college","degree","","","","industries","","","","powerful","",""
"","","","","college","degree","","","","industries","","","","powerful","",""
"","","","","college","degree","","","","industries","","","","powerful","",""
"","","","","college","degree","","","","industries","","","","powerful","",""
"","","","","college","degree","","","","industries","","","","powerful","",""
"","","","","college","degree","","","","industries","","","","powerful","",""
"","","","","college","degree","","","","industries","","","","powerful","",""
"","","","","college","degree","","","","industries","","","","powerful","",""
"","","","","college","degree","","","","industries","","","","powerful","",""
"","","","","college","degree","","","","industries","","","","powerful","",""
"","","","","college","degree","","","","industries","","","","powerful","",""
"","","","","college","degree","","","","industries","","","","powerful","",""
"","","","","college","degree","","","","industries","","","","powerful","",""
"","","","","college","degree","","","","industries","","","","powerful","",""
"","","","","college","degree","","","","industries","","","","powerful","",""
"","","","","college","degree","","","","industries","","","","powerful","",""
"","","","","college","degree","","","","industries","","","","powerful","",""
"","","","","college","degree","","","","industries","","","","powerful","",""
"","","","","college","degree","","","","industries","","","","powerful","",""
"","","","","college","degree","","","","industries","","","","powerful","",""
"","","","","college","degree","","","","industries","","","","powerful","",""
"","","","","college","degree","","","","industries","","","","powerful","",""
"","","","","college","degree","","","","industries","","","","powerful","",""
"","","","","college","degree","","","","industries","","","","powerful","",""
"","","","","college","degree","","","","industries","","","","powerful","",""
"","","","","college","degree","","","","industries","","","","powerful","",""
"","","","","college","degree","","","","industries","","","","powerful","",""
"","","","","college","degree","","","","industries","","","","powerful","",""
"","","","","college","degree","","","","industries","","","","powerful","",""
"","","","","college","degree","","","","industries","","","","powerful","",""
"","","","","college","degree","","","","industries","","","","powerful","",""
"","","","","college","degree","","","","industries","","","","powerful","",""
"","","","","college","degree","","","","industries","","","","powerful","",""
"","","","","college","degree","","","","industries","","","","powerful","",""
"","","","","college","degree","","","","industries","","","","powerful","",""
"","","","","college","degree","","","","industries","","","","powerful","",""
"","","","","college","degree","","","","industries","","","","powerful","",""
"","","despite","progress","made","still","","women","","roles","fortune","","companies","learn","carol",""
"tomÃ©","","","","","","","","","","","","","","",""
"despite","progress","made","still","","women","","roles","fortune","","companies","learn","carol","","",""
"","","","","college","degree","","","","industries","","","","powerful","",""
"","","","","college","degree","","","","industries","","","","powerful","",""
"","","","","college","degree","","","","industries","","","","powerful","",""
"","","","","college","degree","","","","industries","","","","powerful","",""
"","","minister","lives","lifestyle","fortune","","","time","","","","","","",""
"","","","","college","degree","","","","industries","","","","powerful","",""
"","","","","college","degree","","","","industries","","","","powerful","",""
"","","","","college","degree","","","","industries","","","","powerful","",""
"","","minister","lives","lifestyle","fortune","","","time","","","","","","",""
"","","","","college","degree","","","","industries","","","","powerful","",""
"","","minister","lives","lifestyle","fortune","","","time","","","","","","",""
"","","","","college","degree","","","","industries","","","","powerful","",""
"","","indra","nooyi","","","women","running","fortune","","company","became","pepsicos","","",""
"","","","","college","degree","","","","industries","","","","powerful","",""
"","","","","college","degree","","","","industries","","","","powerful","",""
"","","","","college","degree","","","","industries","","","","powerful","",""
"","","","","college","degree","","","","industries","","","","powerful","",""
"","","","","college","degree","","","","industries","","","","powerful","",""
"","","","","college","degree","","","","industries","","","","powerful","",""
"","","","","college","degree","","","","industries","","","","powerful","",""
"","","","","college","degree","","","","industries","","","","powerful","",""
"","","","","college","degree","","","","industries","","","","powerful","",""
"","","","","college","degree","","","","industries","","","","powerful","",""
"","","","","college","degree","","","","industries","","","","powerful","",""
"","","","","college","degree","","","","industries","","","","powerful","",""
"silm","shadys","just","","wont","","fortune","","company","slim","shady","please","charge","cell","phone",""
"","","","","college","degree","","","","industries","","","","powerful","",""
"","","","","college","degree","","","","industries","","","","powerful","",""
"","","","","college","degree","","","","industries","","","","powerful","",""
"","","","","college","degree","","","","industries","","","","powerful","",""
"","","","","college","degree","","","","industries","","","","powerful","",""
"","","","","college","degree","","","","industries","","","","powerful","",""
"","","","","college","degree","","","","industries","","","","powerful","",""
"","","","","college","degree","","","","industries","","","","powerful","",""
"","","","","college","degree","","","","industries","","","","powerful","",""
"","","","","college","degree","","","","industries","","","","powerful","",""
"","","","","college","degree","","","","industries","","","","powerful","",""
"","","","","college","degree","","","","industries","","","","powerful","",""
"","","","","college","degree","","","","industries","","","","powerful","",""
"","","","","college","degree","","","","industries","","","","powerful","",""
"","","","","college","degree","","","","industries","","","","powerful","",""
"","","","","college","degree","","","","industries","","","","powerful","",""
"","","","","college","degree","","","","industries","","","","powerful","",""
"","","","","college","degree","","","","industries","","","","powerful","",""
"","","","","college","degree","","","","industries","","","","powerful","",""
"","","","","college","degree","","","","industries","","","","powerful","",""
"","","ursula","burns","","brewer","black","women","ceos","featured","fortune","","listbut","definitely","wont",""
"","","","","college","degree","","","","industries","","","","powerful","",""
"","","","","college","degree","","","","industries","","","","powerful","",""
"","","","","college","degree","","","","industries","","","","powerful","",""
"","","","","college","degree","","","","industries","","","","powerful","",""
"","","","","college","degree","","","","industries","","","","powerful","",""
"","","","","college","degree","","","","industries","","","","powerful","",""
"","","","","college","degree","","","","industries","","","","powerful","",""
"sleep","just","hard","work","long","hours","people","just","need","","hours","sleep","almos","","",""
"","","","","college","degree","","","","industries","","","","powerful","",""
"","","","","college","degree","","","","industries","","","","powerful","",""
"","","","","college","degree","","","","industries","","","","powerful","",""
"","","","","college","degree","","","","industries","","","","powerful","",""
"","","","","college","degree","","","","industries","","","","powerful","",""
"","","","","college","degree","","","","industries","","","","powerful","",""
"","","","","college","degree","","","","industries","","","","powerful","",""
"","","","","college","degree","","","","industries","","","","powerful","",""
"","","","","college","degree","","","","industries","","","","powerful","",""
"","","","","college","degree","","","","industries","","","","powerful","",""
"","","","","college","degree","","","","industries","","","","powerful","",""
"","","","","college","degree","","","","industries","","","","powerful","",""
"","","","","college","degree","","","","industries","","","","powerful","",""
"","","","","college","degree","","","","industries","","","","powerful","",""
"","","","","college","degree","","","","industries","","","","powerful","",""
"","","","","college","degree","","","","industries","","","","powerful","",""
"","","devin","alexander","shaw","","years","","self","made","","chairman","","shaw","exports",""
"shaw","defense","","","","","","","","","","","","","",""
"","","","","college","degree","","","","industries","","","","powerful","",""
"","","","","college","degree","","","","industries","","","","powerful","",""
"","","","","college","degree","","","","industries","","","","powerful","",""
"","","","","college","degree","","","","industries","","","","powerful","",""
"","","","","college","degree","","","","industries","","","","powerful","",""
"","","","","college","degree","","","","industries","","","","powerful","",""
"","","","","college","degree","","","","industries","","","","powerful","",""
"","","","","college","degree","","","","industries","","","","powerful","",""
"","","","","college","degree","","","","industries","","","","powerful","",""
"","","","","college","degree","","","","industries","","","","powerful","",""
"","","","","college","degree","","","","industries","","","","powerful","",""
"","","","","college","degree","","","","industries","","","","powerful","",""
"","","","","college","degree","","","","industries","","","","powerful","",""
"","","devin","alexander","shaw","","years","","self","made","","chairman","","shaw","exports",""
"shaw","defense","","","","","","","","","","","","","",""
"","","","","college","degree","","","","industries","","","","powerful","",""
"","","","","college","degree","","","","industries","","","","powerful","",""
"","","","","college","degree","","","","industries","","","","powerful","",""
"","","","","college","degree","","","","industries","","","","powerful","",""
"","","","","college","degree","","","","industries","","","","powerful","",""
"","","","","college","degree","","","","industries","","","","powerful","",""
"","gender","inequality","real","female","senators","female","fortune","","ceos","female","million","","","",""
"","","","","college","degree","","","","industries","","","","powerful","",""
"","","","","college","degree","","","","industries","","","","powerful","",""
"","","","","college","degree","","","","industries","","","","powerful","",""
"","","","","college","degree","","","","industries","","","","powerful","",""
"","","","","college","degree","","","","industries","","","","powerful","",""
"","","","","college","degree","","","","industries","","","","powerful","",""
"","","","","college","degree","","","","industries","","","","powerful","",""
"","","","","college","degree","","","","industries","","","","powerful","",""
"","","","","college","degree","","","","industries","","","","powerful","",""
"","","","","college","degree","","","","industries","","","","powerful","",""
"","","","","college","degree","","","","industries","","","","powerful","",""
"","","","","college","degree","","","","industries","","","","powerful","",""
"","","","","college","degree","","","","industries","","","","powerful","",""
"","","","","college","degree","","","","industries","","","","powerful","",""
"","","","","college","degree","","","","industries","","","","powerful","",""
"","","","","college","degree","","","","industries","","","","powerful","",""
"","","","","college","degree","","","","industries","","","","powerful","",""
"","","","","college","degree","","","","industries","","","","powerful","",""
"","","","","college","degree","","","","industries","","","","powerful","",""
"","","","","college","degree","","","","industries","","","","powerful","",""
"","","","","college","degree","","","","industries","","","","powerful","",""
"","","","","college","degree","","","","industries","","","","powerful","",""
"","","","","college","degree","","","","industries","","","","powerful","",""
"","","","","college","degree","","","","industries","","","","powerful","",""
"","","","","college","degree","","","","industries","","","","powerful","",""
"","","","","college","degree","","","","industries","","","","powerful","",""
"","","","","college","degree","","","","industries","","","","powerful","",""
"","","","","college","degree","","","","industries","","","","powerful","",""
"","","","","college","degree","","","","industries","","","","powerful","",""
"","","","","college","degree","","","","industries","","","","powerful","",""
"","","","","college","degree","","","","industries","","","","powerful","",""
"","","","","college","degree","","","","industries","","","","powerful","",""
"","","","","college","degree","","","","industries","","","","powerful","",""
"","","","","college","degree","","","","industries","","","","powerful","",""
"","","","","college","degree","","","","industries","","","","powerful","",""
"","","","","college","degree","","","","industries","","","","powerful","",""
"","","","","college","degree","","","","industries","","","","powerful","",""
"","","","","college","degree","","","","industries","","","","powerful","",""
"","","","","college","degree","","","","industries","","","","powerful","",""
"","","","","college","degree","","","","industries","","","","powerful","",""
"","","","","college","degree","","","","industries","","","","powerful","",""
"","","","","college","degree","","","","industries","","","","powerful","",""
"","","","","college","degree","","","","industries","","","","powerful","",""
"","","","","college","degree","","","","industries","","","","powerful","",""
"","","","","college","degree","","","","industries","","","","powerful","",""
"","","","","college","degree","","","","industries","","","","powerful","",""
"","","","","college","degree","","","","industries","","","","powerful","",""
"","","","","college","degree","","","","industries","","","","powerful","",""
"","","","","college","degree","","","","industries","","","","powerful","",""
"","","","","college","degree","","","","industries","","","","powerful","",""
"","","","","college","degree","","","","industries","","","","powerful","",""
"","","","","college","degree","","","","industries","","","","powerful","",""
"","","","","college","degree","","","","industries","","","","powerful","",""
"","","","","college","degree","","","","industries","","","","powerful","",""
"","","","","college","degree","","","","industries","","","","powerful","",""
"","","","","college","degree","","","","industries","","","","powerful","",""
"","","","","college","degree","","","","industries","","","","powerful","",""
"","","","","college","degree","","","","industries","","","","powerful","",""
"","","","","college","degree","","","","industries","","","","powerful","",""
"","","","","college","degree","","","","industries","","","","powerful","",""
"","","","","college","degree","","","","industries","","","","powerful","",""
"","","","","college","degree","","","","industries","","","","powerful","",""
"","","","","college","degree","","","","industries","","","","powerful","",""
"","","","","college","degree","","","","industries","","","","powerful","",""
"","","","","college","degree","","","","industries","","","","powerful","",""
"","","","","college","degree","","","","industries","","","","powerful","",""
"","","","","college","degree","","","","industries","","","","powerful","",""
"","","","","college","degree","","","","industries","","","","powerful","",""
"","","","","college","degree","","","","industries","","","","powerful","",""
"","","","","college","degree","","","","industries","","","","powerful","",""
"","","","","college","degree","","","","industries","","","","powerful","",""
"","","","","college","degree","","","","industries","","","","powerful","",""
"","","","","college","degree","","","","industries","","","","powerful","",""
"","","","","college","degree","","","","industries","","","","powerful","",""
"","","","","college","degree","","","","industries","","","","powerful","",""
"","","","","college","degree","","","","industries","","","","powerful","",""
"","","","","college","degree","","","","industries","","","","powerful","",""
"","","","","college","degree","","","","industries","","","","powerful","",""
"","","","","college","degree","","","","industries","","","","powerful","",""
"","","","","college","degree","","","","industries","","","","powerful","",""
"","","","","college","degree","","","","industries","","","","powerful","",""
"","","","","college","degree","","","","industries","","","","powerful","",""
"","","","","college","degree","","","","industries","","","","powerful","",""
"","","","","college","degree","","","","industries","","","","powerful","",""
"","","","","college","degree","","","","industries","","","","powerful","",""
"","","","","college","degree","","","","industries","","","","powerful","",""
"","","","","college","degree","","","","industries","","","","powerful","",""
"","","","","college","degree","","","","industries","","","","powerful","",""
"","","","","college","degree","","","","industries","","","","powerful","",""
"","","","","college","degree","","","","industries","","","","powerful","",""
"","","","","college","degree","","","","industries","","","","powerful","",""
"","","","","college","degree","","","","industries","","","","powerful","",""
"","","","","college","degree","","","","industries","","","","powerful","",""
"","","","","college","degree","","","","industries","","","","powerful","",""
"","","","","college","degree","","","","industries","","","","powerful","",""
"","","","","college","degree","","","","industries","","","","powerful","",""
"","","","","college","degree","","","","industries","","","","powerful","",""
"","","","","college","degree","","","","industries","","","","powerful","",""
"","","","","college","degree","","","","industries","","","","powerful","",""
"","","","","college","degree","","","","industries","","","","powerful","",""
"","","","","college","degree","","","","industries","","","","powerful","",""
"","","","","college","degree","","","","industries","","","","powerful","",""
"","","","","college","degree","","","","industries","","","","powerful","",""
"","","","","college","degree","","","","industries","","","","powerful","",""
"","","","","college","degree","","","","industries","","","","powerful","",""
"","","","","college","degree","","","","industries","","","","powerful","",""
"","","","","college","degree","","","","industries","","","","powerful","",""
"","","","","college","degree","","","","industries","","","","powerful","",""
"","","","","college","degree","","","","industries","","","","powerful","",""
"","","","","college","degree","","","","industries","","","","powerful","",""
"","","","","college","degree","","","","industries","","","","powerful","",""
"","","","","college","degree","","","","industries","","","","powerful","",""
"","","","","college","degree","","","","industries","","","","powerful","",""
"","","","","college","degree","","","","industries","","","","powerful","",""
"","","","","college","degree","","","","industries","","","","powerful","",""
"","","","","college","degree","","","","industries","","","","powerful","",""
"","","","","college","degree","","","","industries","","","","powerful","",""
"","","","","college","degree","","","","industries","","","","powerful","",""
"","","","","college","degree","","","","industries","","","","powerful","",""
"","","","","college","degree","","","","industries","","","","powerful","",""
"","","","","college","degree","","","","industries","","","","powerful","",""
"","","","","college","degree","","","","industries","","","","powerful","",""
"","","","","college","degree","","","","industries","","","","powerful","",""
"","","","","college","degree","","","","industries","","","","powerful","",""
"","","","","college","degree","","","","industries","","","","powerful","",""
"","","","","college","degree","","","","industries","","","","powerful","",""
"","","","","college","degree","","","","industries","","","","powerful","",""
"","","","","college","degree","","","","industries","","","","powerful","",""
"","","","","college","degree","","","","industries","","","","powerful","",""
"","","","","college","degree","","","","industries","","","","powerful","",""
"","","","","college","degree","","","","industries","","","","powerful","",""
"","","","","college","degree","","","","industries","","","","powerful","",""
"","","","","college","degree","","","","industries","","","","powerful","",""
"","","","","college","degree","","","","industries","","","","powerful","",""
"","","","","college","degree","","","","industries","","","","powerful","",""
"","","","","college","degree","","","","industries","","","","powerful","",""
"","","","","college","degree","","","","industries","","","","powerful","",""
"","","","","college","degree","","","","industries","","","","powerful","",""
"","","","","college","degree","","","","industries","","","","powerful","",""
"","","","","college","degree","","","","industries","","","","powerful","",""
"","","","","college","degree","","","","industries","","","","powerful","",""
"","","","","college","degree","","","","industries","","","","powerful","",""
"","","","","college","degree","","","","industries","","","","powerful","",""
"","","","","college","degree","","","","industries","","","","powerful","",""
"","","","","college","degree","","","","industries","","","","powerful","",""
"","","","","college","degree","","","","industries","","","","powerful","",""
"","","","","college","degree","","","","industries","","","","powerful","",""
"","","","","college","degree","","","","industries","","","","powerful","",""
"","","","","college","degree","","","","industries","","","","powerful","",""
"","","","","college","degree","","","","industries","","","","powerful","",""
"","","","","college","degree","","","","industries","","","","powerful","",""
"","","","","college","degree","","","","industries","","","","powerful","",""
"","","college","degree","","","","industries","","","","powerfu","","","",""
"","","love","meet","mythical","unqualified","black","people","failed","without","necessary","education","experience","","",""
"attention","everybody","comming","replacing","ceos","women","ceos","doesnt","mean","guys","","","","","",""
"","","indra","nooyi","","","women","running","fortune","","company","became","pepsicos","","",""
"","","love","meet","mythical","unqualified","black","people","failed","without","necessary","education","experience","","",""
"","laferty","went","explain","team","landed","numerous","deals","fortune","","companies","","","","",""
"","","","","","","","","","","","","","","",""
"","","indra","nooyi","","","women","running","fortune","","company","became","pepsicos","","",""
"","","indra","nooyi","","","women","running","fortune","","company","became","pepsicos","","",""
"","","","","","","","","","","","","","","",""
"","","ursula","burns","","brewer","black","women","ceos","featured","fortune","","listbut","definitely","wont",""
"","","indra","nooyi","","","women","running","fortune","","company","became","pepsicos","","",""
"devin","alexander","shaw","","years","","self","made","","chairman","","shaw","exports","","shaw","defen"
"","","indra","nooyi","","","women","running","fortune","","company","became","pepsicos","","",""
"","","ursula","burns","","brewer","black","women","ceos","featured","fortune","","listbut","definitely","wont",""
"","","indra","nooyi","","","women","running","fortune","","company","became","pepsicos","","",""
"ursula","burns","","brewer","black","women","ceos","featured","fortune","","listbut","definitely","","","",""
"","","indra","nooyi","","","women","running","fortune","","company","became","pepsicos","","",""
"michael","dell","","","youngest","","fortune","","firm","dell","dell","also","accredited","pioneer","",""
"","","indra","nooyi","","","women","running","fortune","","company","became","pepsicos","","",""
"","","indra","nooyi","","","women","running","fortune","","company","became","pepsicos","","",""
"athletic","department","revenue","roughly","equivalent","kroger","nations","largest","grocery","store","chain","","","","",""
"","","indra","nooyi","","","women","running","fortune","","company","became","pepsicos","","",""
"silm","shadys","just","","life","wont","","fortune","","company","slim","shady","please","fling","sneakers",""
"","","indra","nooyi","","","women","running","fortune","","company","became","pepsicos","","",""
"","","indra","nooyi","","","women","running","fortune","","company","became","pepsicos","","",""
"","","indra","nooyi","","","women","running","fortune","","company","became","pepsicos","","",""
"","","indra","nooyi","","","women","running","fortune","","company","became","pepsicos","","",""
"indra","nooyi","","","women","running","fortune","","company","became","pepsicos","","","","",""
"","","indra","nooyi","","","women","running","fortune","","company","became","pepsicos","","",""
"","","indra","nooyi","","","women","running","fortune","","company","became","pepsicos","","",""
"","","indra","nooyi","","","women","running","fortune","","company","became","pepsicos","","",""
"","","indra","nooyi","","","women","running","fortune","","company","became","pepsicos","","",""
"","","indra","nooyi","","","women","running","fortune","","company","became","pepsicos","","",""
"","","indra","nooyi","","","women","running","fortune","","company","became","pepsicos","","",""
"","","indra","nooyi","","","women","running","fortune","","company","became","pepsicos","","",""
"","","indra","nooyi","","","women","running","fortune","","company","became","pepsicos","","",""
"","","indra","nooyi","","","women","running","fortune","","company","became","pepsicos","","",""
"indra","nooyi","","","women","running","fortune","","company","became","pepsicos","","","","",""
"indra","nooyi","","","women","running","fortune","","company","became","pepsicos","","","","",""
"","clerkships","supreme","court","ranks","national","media","","york","staff","","","","","",""
"silm","shadys","just","eating","foods","wont","","fortune","","company","slim","shady","please","stop","",""
"silm","shadys","just","innovating","wont","","fortune","","company","slim","shady","please","fling","sneakers","",""
"","","","","recruiting","mark","holifield","","mark","built","","supply","chain","","",""
"","","women","leaders","everywhere","lookfrom","","runs","fortune","","company","housewife","raises","childr","",""
"women","leaders","everywhere","lookfrom","","runs","fortune","","company","housewife","raises","","","","",""
"","","","listed","","","","","global","fortune","","companies","","","solutions",""
"ceos","fortune","","companies","live","serve","satan","","","","","","","","",""
"","","google","","","modi","twitter","","","modi","apple","","","modi","conares",""
"","modi","jeff","bezos","","modi","fortune","","executive","","","","","","",""
"guess","whos","number","","years","fortune","","list","","","","","","","",""
"beijings","concerns","food","security","appear","trumped","consumer","worries","gmos","geneedited","foods","","","","",""
"silm","shadys","just","moneymaking","wont","","fortune","","company","slim","shady","please","call","mother","tomorrow",""
"wanna","housewife","also","wanna","fortune","","","","","","","","","","",""
"$btu","","verify","merger","discussions","fortune","","company","early","next","week","","","","",""
"","","talk","work","","","","","","","","","","","",""
"","","google","","","modi","twitter","","","modi","apple","","","modi","conares",""
"","modi","jeff","bezos","","modi","fortune","","executive","","","","","","",""
"","","","","lets","","doctors","ceos","executives","fortune","","companies","","","",""
"","","google","","","modi","twitter","","","modi","apple","","","modi","conares",""
"","modi","jeff","bezos","","modi","fortune","","executive","","","","","","",""
"","","article","","","john","deere","ceos","","companies","want","","","","",""
"","","google","","","modi","twitter","","","modi","apple","","","modi","conares",""
"","modi","jeff","bezos","","modi","fortune","","executive","","","","","","",""
"google","","","modi","twitter","","","modi","apple","","","modi","conares","","","modi"
"jeff","bezos","","modi","fortune","","","","","","","","","","",""
"went","therapy","middle","school","wouldve","","fortune","","company","","","","","","",""
"","","","jack","welch","famously","said","outsource","back","office","someone","elses","front","office","today",""
"","","","jack","welch","famously","said","outsource","back","office","someone","elses","front","office","today",""
"","","comes","geneediting","crops","china","leading","world","","worlds","patents","","geneediti","","",""
"","true","however","","fortune","","corporation","visibility","accountable","multiple","cons","","","","",""
"","","","","recruiting","mark","holifield","","mark","built","","supply","chain","","",""
"","fortune","","company","","","","","","","","","","","",""
"","jack","welch","famously","said","outsource","back","office","someone","elses","front","office","toda","","",""
"","","recruiting","mark","holifield","","mark","built","","supply","chain","","","","",""
"","","comes","geneediting","crops","china","leading","world","","worlds","patents","","geneediti","","",""
"silm","shadys","just","wasting","precious","time","wont","","fortune","","company","slim","shady","please","stand",""
"","","","","walgreens","boots","alliance","","four","black","women","ever","lead","","americas","biggest"
"companie","","","","","","","","","","","","","","",""
"beijings","common","prosperity","effort","make","companies","hybrid","entities","","recently","three","","","","",""
"wary","gmos","china","","leading","geneedited","seeds","","","","","","","","",""
"","","comes","geneediting","crops","china","leading","world","","worlds","patents","","geneediti","","",""
"","","comes","geneediting","crops","china","leading","world","","worlds","patents","","geneediti","","",""
"","","missing","pieces","report","","census","","","","","","","","",""
"silm","shadys","just","creating","","wont","","fortune","","company","slim","shady","please","binge","netflix","series"
"night","","","","","","","","","","","","","","",""
"","","comes","geneediting","crops","china","leading","world","","worlds","patents","","geneediti","","",""
"","","comes","geneediting","crops","china","leading","world","","worlds","patents","","geneediti","","",""
"","","comes","geneediting","crops","china","leading","world","","worlds","patents","","geneediti","","",""
"","","comes","geneediting","crops","china","leading","world","","worlds","patents","","geneediti","","",""
"","","comes","geneediting","crops","china","leading","world","","worlds","patents","","geneediti","","",""
"","","comes","geneediting","crops","china","leading","world","","worlds","patents","","geneediti","","",""
"","","comes","geneediting","crops","china","leading","world","","worlds","patents","","geneediti","","",""
"","","wary","","china","","leading","geneedited","seeds","","","","worlds","pate","",""
"","","wary","gmos","china","","leading","geneedited","seeds","","","","","","",""
"","","comes","geneediting","crops","china","leading","world","","worlds","patents","","geneediti","","",""
"","","wary","gmos","china","","leading","geneedited","seeds","","","","","","",""
"","","wary","","china","","leading","geneedited","seeds","","","","worlds","pate","",""
"","","much","changed","terms","hierarchies","still","much","kept","family","","","","","",""
"","","comes","geneediting","crops","china","leading","world","","worlds","patents","","geneediti","","",""
"","","wary","","china","","leading","geneedited","seeds","","","","worlds","pate","",""
"","","","actually","fortune","","","congrats","cracking","case","sherlock","holmes","","","",""
"","","","","know","","fortune","","company","","years","","","","",""
"","","wary","","china","","leading","geneedited","seeds","","","","worlds","pate","",""
"silm","shadys","just","breaking","hearts","wont","","fortune","","company","slim","shady","please","fling","sneakers",""
"","","wary","","china","","leading","geneedited","seeds","","","","worlds","pate","",""
"$neca","","verify","merger","discussions","fortune","","company","early","next","week","","","","",""
"","","pamela","","turbeville","","senior","executive","career","leading","fortune","","companies","","",""
"","","comes","geneediting","crops","china","leading","world","","worlds","patents","","geneediti","","",""
"pamela","","turbeville","","senior","executive","career","leading","fortune","","companies","","","","",""
"","","wary","gmos","china","","leading","geneedited","seeds","","","","","","",""
"","","comes","geneediting","crops","china","leading","world","","worlds","patents","","geneediti","","",""
"","","comes","geneediting","crops","china","leading","world","","worlds","patents","","geneediti","","",""
"","","comes","geneediting","crops","china","leading","world","","worlds","patents","","geneediti","","",""
"","winning","main","","like","saying","","fortune","","making","money","","","","",""
"","","wary","gmos","china","","leading","geneedited","seeds","","","","","","",""
"","","leadership","position","","held","taking","office","","grade","","","","","",""
"","","comes","geneediting","crops","china","leading","world","","worlds","patents","","geneediti","","",""
"","","wary","","china","","leading","geneedited","seeds","","","","worlds","pate","",""
"silm","shadys","just","educating","wont","","fortune","","company","slim","shady","please","","please","thank",""
"","","comes","geneediting","crops","china","leading","world","","worlds","patents","","geneediti","","",""
"","","comes","geneediting","crops","china","leading","world","","worlds","patents","","geneediti","","",""
"teaching","people","network","smarter","always","easier","room","full","","minded","","","","","",""
"","sick","","martyr","paternity","leave","attacks","blatant","homo","","","","","","",""
"","","missing","pieces","report","","census","","","","","","","","",""
"","","comes","geneediting","crops","china","leading","world","","worlds","patents","","geneediti","","",""
"","","comes","geneediting","crops","china","leading","world","","worlds","patents","","geneediti","","",""
"","","comes","geneediting","crops","china","leading","world","","worlds","patents","","geneediti","","",""
"","","dose","helps","elevate","performance","","challenged","push","develop","mental","fitness","","","",""
"","","comes","geneediting","crops","china","leading","world","","worlds","patents","","geneediti","","",""
"missing","pieces","report","","census","","","","","","","","","","",""
"","","comes","geneediting","crops","china","leading","world","","worlds","patents","","geneediti","","",""
"","","comes","geneediting","crops","china","leading","world","","worlds","patents","","geneediti","","",""
"","","comes","geneediting","crops","china","leading","world","","worlds","patents","","geneediti","","",""
"","","comes","geneediting","crops","china","leading","world","","worlds","patents","","geneediti","","",""
"","","comes","geneediting","crops","china","leading","world","","worlds","patents","","geneediti","","",""
"","","comes","geneediting","crops","china","leading","world","","worlds","patents","","geneediti","","",""
"comes","geneediting","crops","china","leading","world","","worlds","patents","","","","","","",""
"","tall","","looks","like","male","","fortune","","company","though","","","","",""
"dose","helps","elevate","performance","","challenged","push","develop","mental","fitn","","","","","",""
"whether","youre","fortune","","","startup","tech","founder","write","blog","puppies","hiring","parttime","","",""
"","","defends","companys","","billion","donation","","","common","prosperity","drive","","","",""
"","","","agree","","fortune","","company","wanted","store","$billion","","","","",""
"","","wary","","china","","leading","geneedited","seeds","","","","worlds","pate","",""
"","","amal","shady","","","founder","","consulting","","global","business","continuity","teams","fortune",""
"companies","almost","","","","","","","","","","","","","",""
"","friend","","appointment","helm","","making","","","openly","","","","","",""
"silm","shadys","just","bawling","wont","","fortune","","company","slim","shady","please","","","haircut",""
"","","highest","paying","jobs","hedge","fund","manager","fortune","","","","","","",""
"","","wary","gmos","china","","leading","geneedited","seeds","","","","","","",""
"","","","fortune","","company","","","","","","","","","",""
"wary","gmos","china","","leading","geneedited","seeds","","","","","","","","",""
"","","highest","paying","jobs","hedge","fund","manager","fortune","","","","","","",""
"","alumna","pacific","","","electric","","patti","poppe","bsie","","msie","","keynote","speaker","poppe"
"","","","","","","","","","","","","","","",""
"","","wary","","china","","leading","geneedited","seeds","","","","worlds","pate","",""
"wary","","china","","leading","geneedited","seeds","","","","world","","","","",""
"","","","ideas","cops","quitting","force","instead","getting","vaccinated","troubled","chef","famous","artist","","fortune"
"","comp","","","","","","","","","","","","","",""
"","ideas","cops","quitting","force","instead","getting","vaccinated","troubled","chef","famous","artist","","fortu","",""
"","think","record","profits","make","monopoly","electric","company","rewards","","","","","","",""
"","","history","fortune","","list","","black","ceos","","chiefs","","","","",""
"","","black","people","missing","","even","notices","four","black","","fortune","","four","","thinks"
"","","","","","","","","","","","","","","",""
"","","","make","every","member","congress","every","donor","","every","fortune","","","pushing","work"
"requirement","watch","","","","","","","","","","","","","",""
"","comedy","great","","","watch","fortune","","","bomb","open","","","","",""
"","","shouts","marcelo","","","latino","fortune","","ceos","tidal","","sprint","artist","owned",""
"","okay","reading","article","family","gave","","small","business","loan","supported","","","","",""
"","","","umpire","joins","fortune","","","professions","","repeated","failure","","","",""
"","","","umpire","joins","fortune","","","professions","","repeated","failure","","","",""
"","like","","gives","powerful","black","women","fortune","","","vibes","","","","",""
"","","black","people","missing","","even","notices","four","black","","fortune","","four","","thinks"
"","","","","","","","","","","","","","","",""
"","","black","people","missing","","even","notices","four","black","","fortune","","four","","thinks"
"","","","","","","","","","","","","","","",""
"black","people","missing","","even","notices","four","black","","fortune","","four","","thin","",""
"","","","umpire","joins","fortune","","","professions","","repeated","failure","","","",""
"","","","heather","manchin","bresch","","","","","company","","","","",""
"","interesting","","favor","making","","","fortune","","companies","taxable","stands","","isnt","",""
"","","highest","paying","jobs","hedge","fund","manager","fortune","","","","","","",""
"","","highest","paying","jobs","hedge","fund","manager","fortune","","","","","","",""
"","","highest","paying","jobs","hedge","fund","manager","fortune","","","","","","",""
"highest","paying","jobs","hedge","fund","manager","fortune","","","","","","","","",""
"","","history","fortune","","list","","black","ceos","","chiefs","","","","",""
"imagine","founding","","year","","fortune","","company","nonfinance","sector","","imagine","traveling","forward","time",""
"","","ursula","","burns","first","black","woman","head","fortune","","company","xerox","ursula","","burns"
"profile","","","","","","","","","","","","","","",""
"","","history","fortune","","list","","black","ceos","","chiefs","","","","",""
"silm","shadys","just","commiting","crimes","wont","","fortune","","company","slim","shady","please","drink","","coffee"
"silm","shadys","just","","wont","","fortune","","company","slim","shady","please","stea","","",""
"history","fortune","","list","","black","ceos","","chiefs","","","","","","",""
"","","","umpire","joins","fortune","","","professions","","repeated","failure","","","",""
"","ceos","","","","shared","thoughts","purpose","digital","","","","","","",""
"","","","umpire","joins","fortune","","","professions","","repeated","failure","","","",""
"ursula","","burns","first","black","woman","head","fortune","","company","xerox","ursula","","burns","profile",""
"","","","umpire","joins","fortune","","","professions","","repeated","failure","","","",""
"","","","umpire","joins","fortune","","","professions","","repeated","failure","","","",""
"","future","fortune","","","","","","","","","","","","",""
"","","","umpire","joins","fortune","","","professions","","repeated","failure","","","",""
"","","","umpire","joins","fortune","","","professions","","repeated","failure","","","",""
"","glass","cliff","real","thing","","","","","","","","","","",""
"","","","umpire","joins","fortune","","","professions","","repeated","failure","","","",""
"","","","umpire","joins","fortune","","","professions","","repeated","failure","","","",""
"","","","umpire","joins","fortune","","","professions","","repeated","failure","","","",""
"","","","umpire","joins","fortune","","","professions","","repeated","failure","","","",""
"","","","umpire","joins","fortune","","","professions","","repeated","failure","","","",""
"","","","umpire","joins","fortune","","","professions","","repeated","failure","","","",""
"bravo","","","","newest","addition","make","","powerful","women","business","shes","","","",""
"","umpire","joins","fortune","","","professions","","repeated","failure","","","","","",""
"","","","words","fortune","","","shared","important","truth","leadership","","","","",""
"","","","words","fortune","","","shared","important","truth","leadership","","","","",""
"","","","words","fortune","","","shared","important","truth","leadership","","","","",""
"","","","words","fortune","","","shared","important","truth","leadership","","","","",""
"","","","words","fortune","","","shared","important","truth","leadership","","","","",""
"","words","fortune","","","shared","important","truth","leadership","","","","","","",""
"","","usispfs","president","","","interviewed","","rise","global","indian","","ubiqui","","",""
"usispfs","president","","","interviewed","","rise","global","indian","","","","","","",""
"check","latest","tiktok","know","","global","fortune","","","black","ceos","","","","",""
"","","last","week","hosted","","","former","chair","","","first","woman","","",""
"","like","successful","different","meantwe","succeed","","","","","","","","","",""
"last","week","hosted","","","former","chair","","","first","woman","","","","",""
"","","","make","every","member","congress","every","donor","","every","fortune","","","pushing","work"
"requirement","watch","","","","","","","","","","","","","",""
"","","wary","gmos","china","","leading","geneedited","seeds","","","","","","",""
"","","","","lmao","","definition","","seems","limited","fortune","","comp","","",""
"silm","shadys","just","breaking","hearts","wont","","fortune","","company","slim","shady","please","","socks",""
"","","wary","gmos","china","","leading","geneedited","seeds","","","","","","",""
"","","shes","just","going","apply","","","fortune","","companies","finishing","","","",""
"silm","shadys","just","","wont","","fortune","","company","slim","shady","please","","loaf","bread",""
"","","","vaccine","makers","inoculate","world","","","says","jampj","","alex","gorsky","",""
"","","","vaccine","makers","inoculate","world","","","says","jampj","","alex","gorsky","",""
"","","alibaba","","defends","companys","","billion","donation","chinas","common","prosperity","drive","","",""
"best","leaders","ones","","brains","clout","theyre","fame","platform","betterment","","","","","",""
"","","","vaccine","makers","inoculate","world","","","says","jampj","","alex","gorsky","",""
"teaching","girls","","anything","passionate","hope","","","girls","","","","","","",""
"","","pitching","sitcom","lesbian","couple","fortune","","","gradeschool","","teacher","","","",""
"pitching","sitcom","lesbian","couple","fortune","","","gradeschool","","teacher","","","","","",""
"","","","firms","name","celebrates","","katharine","graham","former","washington","post","","","",""
"","","delighted","welcome","","director","","","","guest","speaker","hybrid","masterclass","","",""
"overjoyed","","insights","next","president","","","honored","soon","","around","","femal","","",""
"","openly","","ceos","fortune","","company","","chairman","","","","fillerling","writes","",""
"","","alibaba","","defends","companys","","billion","donation","chinas","common","prosperity","drive","","",""
"","","","vaccine","makers","inoculate","world","","","says","jampj","","alex","gorsky","",""
"","","","vaccine","makers","inoculate","world","","","says","jampj","","alex","gorsky","",""
"","","wary","gmos","china","","leading","geneedited","seeds","","","","","","",""
"","","alibaba","","defends","companys","","billion","donation","chinas","common","prosperity","drive","","",""
"alibaba","","defends","companys","","billion","donation","chinas","common","prosperity","drive","","","","",""
"","","todays","episode","rusty","shelton","","discuss","","journey","career","engineer","","","",""
"silm","shadys","just","drinking","drinks","wont","","fortune","","company","slim","shady","please","","loaf","bread"
"","","wary","gmos","china","","leading","geneedited","seeds","","","","","","",""
"wary","gmos","china","","leading","geneedited","seeds","","","","","","","","",""
"","","march","","","","appointed","rosalind","","brewer","","making","","","companies","fortune"
"","black","femal","","","","","","","","","","","","",""
"wary","gmos","china","","leading","geneedited","seeds","","","","","","","","",""
"","","alibaba","","defends","companys","","billion","donation","chinas","common","prosperity","drive","","",""
"samantha","karlin","","empower","global","facilitates","trainings","","gender","issues","fortune","","","","",""
"","","delighted","welcome","","director","","","","guest","speaker","hybrid","masterclass","","",""
"","","wary","gmos","china","","leading","geneedited","seeds","","","","","","",""
"","","wary","gmos","china","","leading","geneedited","seeds","","","","","","",""
"wary","gmos","china","","leading","geneedited","seeds","","","","","","","","",""
"","","delighted","welcome","","director","","","","guest","speaker","hybrid","masterclass","","",""
"delighted","welcome","","director","","","","guest","speaker","hybrid","mastercla","","","","",""
"","","alibaba","","defends","companys","","billion","donation","chinas","common","prosperity","drive","","",""
"alibaba","","defends","companys","","billion","donation","chinas","common","prosperity","drive","","","","",""
"","","alibaba","","defends","companys","","billion","donation","chinas","common","prosperity","drive","","",""
"","","alibaba","","defends","companys","","billion","donation","chinas","common","prosperity","drive","","",""
"","","alibaba","","defends","companys","","billion","donation","chinas","common","prosperity","drive","","",""
"","","alibaba","","defends","companys","","billion","donation","chinas","common","prosperity","drive","","",""
"alibaba","","defends","companys","","billion","donation","chinas","common","prosperity","drive","","","","",""
"","","vaccine","makers","inoculate","world","","","says","jampj","","alex","gorsky","","",""
"","","","vaccine","makers","inoculate","world","","","says","jampj","","alex","gorsky","",""
"","","","vaccine","makers","inoculate","world","","","says","jampj","","alex","gorsky","",""
"","vaccine","makers","inoculate","world","","","says","jampj","","alex","gorsky","","","",""
"","","","make","every","member","congress","every","donor","","every","fortune","","","pushing","work"
"requirement","watch","","","","","","","","","","","","","",""
"","","best","breed","returns","live","back","inperson","","","heres","look","","","",""
"","interviewed","","","fortune","","company","sobbing","","really","","year","just","need","",""
"","puerta","hacia","","futuro","free","early","career","insights","program","hispanic","","latinx","students","held",""
"sent","friend","calendar","invite","chat","week","sent","message","saying","cant","chat","","","","",""
"theresa","payton","former","white","house","","fortalice","","explains","women","held","","fortune","","ciso","roles"
"","","","","","","","","","","","","","","",""
"","","","","testing","markers","goal","post","changed","ther","","","","","",""
"successful","freelancer","dont","need","","marketer","salesperson","just","need","marketer","","","","","",""
"fortune","","","thasunda","brown","duckett","worklife","balance","","","","","","","",""
"","","","evidence","side","position","worl","","","","","","","","",""
"","fortune","","rhode","island","","company","passed","away","wonder","many","soul","sucking","secrets","",""
"","","best","breed","returns","live","back","inperson","","","heres","look","","","",""
"","","didnt","","better","","working","dead","","jobs","similar","experien","","","",""
"","","","make","every","member","congress","every","donor","","every","fortune","","","pushing","work"
"requirement","watch","","","","","","","","","","","","","",""
"","","","make","every","member","congress","every","donor","","every","fortune","","","pushing","work"
"requirement","watch","","","","","","","","","","","","","",""
"","","","make","every","member","congress","every","donor","","every","fortune","","","pushing","work"
"requirement","watch","","","","","","","","","","","","","",""
"","","best","breed","returns","live","back","inperson","","","heres","look","","","",""
"","","thanks","","fortune","","","","","","","","","","",""
"","","","make","every","member","congress","every","donor","","every","fortune","","","pushing","work"
"requirement","watch","","","","","","","","","","","","","",""
"","","","make","every","member","congress","every","donor","","every","fortune","","","pushing","work"
"requirement","watch","","","","","","","","","","","","","",""
